<?xml version="1.0" encoding="UTF-8" standalone="yes"?>
<manifest>
  <control namespace="Maverick.Controls" constructor="CleverCharacterCounter" version="0.0.1" display-name-key="Clever Character Counter" description-key="Count downs the number of remaining character in a Twitter style" control-type="standard" preview-image="img/preview.gif" api-version="1.2.3">
    <property name="BoundControlInput" display-name-key="Input for Character Counter" description-key="Bind an input control for which you want to count the characters" of-type-group="supportedTypes" usage="bound" required="true"/>
    <property name="MaximumCharacterLimit" display-name-key="Maximum Character Limit" description-key="Define the maximum number of characters allowed on this control" default-value="100" of-type="Whole.None" usage="input" required="true"/>
    <type-group name="supportedTypes">
      <type>SingleLine.Text</type>
      <type>SingleLine.TextArea</type>
      <type>Multiple</type>
    </type-group>
    <resources>
      <code path="bundle.js" order="1"/>
      <css path="css/CleverCharacterCounter.css" order="1"/>
      <css path="css/CircularProgressbar.css" order="1"/>
      <resx path="strings/CleverCharacterCounter.1033.resx" version="1.0.0"/>
    </resources>
    <built-by name="pac" version="1.3.6"/>
  </control>
</manifest>