<?xml version="1.0" encoding="UTF-8" standalone="yes"?>
<manifest>
  <control namespace="Maverick.Controls" constructor="UrlCard" version="1.0.3" display-name-key="URL Preview Card" description-key="Displays the URL information as a card" preview-image="img/preview.png" control-type="standard" api-version="1.2.3">
    <property name="Url" display-name-key="URL" description-key="Url that needs to be displayed as Card" of-type-group="supportedUrlTypes" usage="bound" required="true"/>
    <property name="LinkPreviewApiKey" display-name-key="Link Preview Api Key" description-key="(Optional) Api Key for link preview. Create your key here ▶ linkpreview.net" of-type="SingleLine.Text" usage="input" required="false"/>
    <type-group name="supportedUrlTypes">
      <type>SingleLine.Text</type>
      <type>SingleLine.URL</type>
    </type-group>
    <resources>
      <code path="bundle.js" order="1"/>
      <css path="css/Card.css" order="1"/>
    </resources>
    <built-by name="pac" version="1.3.3"/>
  </control>
</manifest>